UniProtKB/Swiss-Prot,ID
Q9Y6X8,ZHX2
Q9Y6X2,PIAS3
Q9Y6X0,SETBP1
Q9Y6Q9,NCOA3
Q9Y6Q3,ZFP37
Q9Y6Q2,STON1
Q9Y6J9,TAF6L
Q9Y6A4,CFAP20
Q9Y651,SOX21
Q9Y618,NCOR2
Q9Y603,ETV7
Q9Y5Z7,HCFC2
Q9Y5X4,NR2E3
Q9Y5W3,KLF2
Q9Y5V0,ZNF706
Q9Y5R6,DMRT1
Q9Y5R5,DMRT2
Q9Y5Q9,GTF3C3
Q9Y5Q8,GTF3C5
Q9Y5Q3,MAFB
Q9Y5J3,HEY1
Q9Y5B9,SUPT16H
Q9Y5A6,ZSCAN21
Q9Y543,HES2
Q9Y508,RNF114
Q9Y4Z2,NEUROG3
Q9Y4X4,KLF12
Q9Y4W2,LAS1L
Q9Y4P1,ATG4B
Q9Y4L5,RNF115
Q9Y4A8,NFE2L3
Q9Y483,MTF2
Q9Y473,ZNF175
Q9Y468,L3MBTL1
Q9Y467,SALL2
Q9Y466,NR2E1
Q9Y462,ZNF711
Q9Y458,TBX22
Q9Y3Q8,TSC22D4
Q9Y3M9,ZNF337
Q9Y3E7,CHMP3
Q9Y3D2,MSRB2
Q9Y2Y9,KLF13
Q9Y2Y4,ZBTB32
Q9Y2X9,ZNF281
Q9Y2X0,MED16
Q9Y2W7,KCNIP3
Q9Y2W1,THRAP3
Q9Y2V3,RAX
Q9Y2T7,YBX2
Q9Y2P7,ZNF256
Q9Y2N7,HIF3A
Q9Y2L8,ZKSCAN5
Q9Y2H8,ZNF510
Q9Y2G7,ZFP30
Q9Y2G1,MYRF
Q9Y2F9,BTBD3
Q9Y2D1,ATF5
Q9Y2A4,ZNF443
Q9Y261,FOXA2
Q9Y250,LZTS1
Q9Y242,TCF19
Q9Y225,RNF24
Q9Y224,RTRAF
Q9Y222,DMTF1
Q9UQR1,ZNF148
Q9UQR0,SCML2
Q9UQF2,MAPK8IP1
Q9UPW6,SATB2
Q9UPW0,FOXJ3
Q9UPN9,TRIM33
Q9UPM6,LHX6
Q9UPG8,PLAGL2
Q9UNY5,ZNF232
Q9UNS1,TIMELESS
Q9UNN4,GTF2A1L
Q9UN79,SOX13
Q9UN30,SCML1
Q9UMS5,PHTF1
Q9UMR3,TBX20
Q9UMQ3,BARX2
Q9UM63,PLAGL1
Q9ULX9,MAFF
Q9ULX5,RNF112
Q9ULW3,ABT1
Q9ULV5,HSF4
Q9ULK4,MED23
Q9ULJ3,ZBTB21
Q9ULD4,BRPF3
Q9UL68,MYT1L
Q9UL59,ZNF214
Q9UL58,ZNF215
Q9UL49,TCFL5
Q9UL36,ZNF236
Q9UL17,TBX21
Q9UKY1,ZHX1
Q9UKW6,ELF5
Q9UKT9,IKZF3
Q9UKS7,IKZF2
Q9UKN8,GTF3C4
Q9UKN5,PRDM4
Q9UKL0,RCOR1
Q9UKI9,POU2F3
Q9UK13,ZNF221
Q9UK12,ZNF222
Q9UK11,ZNF223
Q9UK10,ZNF225
Q9UJW8,ZNF180
Q9UJW7,ZNF229
Q9UJU5,FOXD3
Q9UJU3,ZNF112
Q9UJU2,LEF1
Q9UJQ4,SALL4
Q9UJP4,KLHL21
Q9UJL9,ZFP69B
Q9UJD0,RIMS3
Q9UJ78,ZMYM5
Q9UIW0,VAX2
Q9UIU6,SIX4
Q9UIS9,MBD1
Q9UIL8,PHF11
Q9UII5,ZNF107
Q9UIH9,KLF15
Q9UIG0,BAZ1B
Q9UIF9,BAZ2A
Q9UIF8,BAZ2B
Q9UIE0,ZNF230
Q9UID6,ZNF639
Q9UI36,DACH1
Q9UHV2,SERTAD1
Q9UHR5,SAP30BP
Q9UHQ7,TCEAL9
Q9UHF7,TRPS1
Q9UHB7,AFF4
Q9UHB6,LIMA1
Q9UH92,MLX
Q9UH73,EBF1
Q9UGU0,TCF20
Q9UG01,IFT172
Q9UFF9,CNOT8
Q9UFB7,ZBTB47
Q9UEG4,ZNF629
Q9UDY6,TRIM10
Q9UDV7,ZNF282
Q9UDV6,ZNF212
Q9UD57,NKX1-2
Q9UBX2,DUX4
Q9UBX0,HESX1
Q9UBU8,MORF4L1
Q9UBS8,RNF14
Q9UBR4,LHX3
Q9UBP5,HEY2
Q9UBL3,ASH2L
Q9UBK2,PPARGC1A
Q9UBG7,RBPJL
Q9UBD0,HSFX1
Q9UBC1,NFKBIL1
Q9UBC0,ONECUT1
Q9UBB5,MBD2
Q9P2Y4,ZNF219
Q9P2R6,RERE
Q9P2F9,ZNF319
Q9P1Y6,PHRF1
Q9P0W2,HMG20B
Q9P0T4,ZNF581
Q9P0L1,ZKSCAN7
Q9P0K8,FOXJ2
Q9NZV7,ZIM2
Q9NZR4,VSX1
Q9NZL3,ZNF224
Q9NZI7,UBP1
Q9NZI6,TFCP2L1
Q9NZI5,GRHL1
Q9NZC9,SMARCAL1
Q9NZC4,EHF
Q9NZ43,USE1
Q9NYV6,RRN3
Q9NYT6,ZNF226
Q9NYF8,BCLAF1
Q9NYD6,HOXC10
Q9NY61,AATF
Q9NY43,BARHL2
Q9NXH9,TRMT1
Q9NX78,TMEM260
Q9NWK9,ZNHIT6
Q9NW07,ZNF358
Q9NVW2,RLIM
Q9NVD3,SETD4
Q9NVC6,MED17
Q9NV72,ZNF701
Q9NUA8,ZBTB40
Q9NTW7,ZFP64
Q9NSD4,ZNF275
Q9NSC2,SALL1
Q9NS37,CREBZF
Q9NRY4,ARHGAP35
Q9NRM2,ZNF277
Q9NRL2,BAZ1A
Q9NRJ4,TULP4
Q9NRE2,TSHZ2
Q9NR55,BATF3
Q9NR48,ASH1L
Q9NQX6,ZNF331
Q9NQX1,PRDM5
Q9NQX0,PRDM6
Q9NQW5,PRDM7
Q9NQV8,PRDM8
Q9NQV7,PRDM9
Q9NQV6,PRDM10
Q9NQV5,PRDM11
Q9NQG6,MIEF1
Q9NQB0,TCF7L2
Q9NQ87,HEYL
Q9NQ69,LHX9
Q9NQ03,SCRT2
Q9NPI6,DCP1A
Q9NPI1,BRD7
Q9NPC8,SIX2
Q9NP71,MLXIPL
Q9NP62,GCM1
Q9NP08,HMX1
Q9HD90,NEUROD4
Q9HCZ1,ZNF334
Q9HCX3,ZNF304
Q9HCU5,PREB
Q9HCS4,TCF7L1
Q9HCG1,ZNF160
Q9HCE3,ZNF532
Q9HCC6,HES4
Q9HC78,ZBTB20
Q9HC52,CBX8
Q9HBZ2,ARNT2
Q9HBU1,BARX1
Q9HBT8,ZNF286A
Q9HBT7,ZNF287
Q9HBE1,PATZ1
Q9HB31,SEBOX
Q9HAZ2,PRDM16
Q9HAP2,MLXIP
Q9HA82,CERS4
Q9H9Z2,LIN28A
Q9H9V9,JMJD4
Q9H9S0,NANOG
Q9H9D4,ZNF408
Q9H8U3,ZFAND3
Q9H8N7,ZNF395
Q9H8J5,MANSC1
Q9H8G1,ZNF430
Q9H7X3,ZNF696
Q9H707,ZNF552
Q9H6I2,SOX17
Q9H609,ZNF576
Q9H5V7,IKZF5
Q9H5Q4,TFB2M
Q9H4X1,RGCC
Q9H4S2,GSX1
Q9H4Q4,PRDM12
Q9H4Q3,PRDM13
Q9H4P4,RNF41
Q9H4L7,SMARCAD1
Q9H4I2,ZHX3
Q9H3R0,KDM4C
Q9H3D4,TP63
Q9H334,FOXP1
Q9H2Z4,NKX2-4
Q9H2Y7,ZNF106
Q9H2W2,MIXL1
Q9H2P0,ADNP
Q9H2G9,BLZF1
Q9H2D6,TRIOBP
Q9H2C1,LHX5
Q9H2A3,NEUROG2
Q9H165,BCL11A
Q9H161,ALX4
Q9GZZ0,HOXD1
Q9GZV8,PRDM14
Q9GZN2,TGIF2
Q9C0K0,BCL11B
Q9C0J9,BHLHE41
Q9C0A1,ZFHX2
Q9C056,NKX6-2
Q9C019,TRIM15
Q9C009,FOXQ1
Q9BZS1,FOXP3
Q9BZM3,GSX2
Q9BZI1,IRX2
Q9BZE3,BARHL1
Q9BZE0,GLIS2
Q9BYV9,BACH2
Q9BYU1,PBX4
Q9BYE0,HES7
Q9BXQ6,TMEM121B
Q9BXK1,KLF16
Q9BXA9,SALL3
Q9BWX5,GATA5
Q9BWM5,ZNF416
Q9BWE0,REPIN1
Q9BW11,MXD3
Q9BVG3,TRIM62
Q9BU19,ZNF692
Q9BTL4,IER2
Q9BTC0,DIDO1
Q9BT09,CNPY3
Q9BSK4,FEM1A
Q9BSG1,ZNF2
Q9BS31,ZNF649
Q9BRR6,ADPGK
Q9BRR0,ZKSCAN3
Q9BRH9,ZNF251
Q9BR84,ZNF559
Q9BQY4,RHOXF2
Q9BQW3,EBF4
Q9BQG0,MYBBP1A
Q9BQ87,TBL1Y
Q9BPY8,HOPX
Q99990,VGLL1
Q99967,CITED2
Q99966,CITED1
Q99958,FOXC2
Q99941,ATF6B
Q99929,ASCL2
Q99909,SSX3
Q99856,ARID3A
Q99853,FOXB1
Q99814,EPAS1
Q99811,PRRX2
Q99801,NKX3-1
Q99743,NPAS2
Q99742,NPAS1
Q99732,LITAF
Q99717,SMAD5
Q99700,ATXN2
Q99697,PITX2
Q99687,MEIS3
Q99684,GFI1
Q99676,ZNF184
Q99626,CDX2
Q99612,KLF6
Q99607,ELF4
Q99594,TEAD3
Q99593,TBX5
Q99592,ZBTB18
Q99583,MNT
Q99576,TSC22D3
Q99504,EYA3
Q99502,EYA1
Q99496,RNF2
Q99471,PFDN5
Q99453,PHOX2B
Q99417,MYCBP
Q99081,TCF12
Q96T92,INSM2
Q96T88,UHRF1
Q96T58,SPEN
Q96SZ4,ZSCAN10
Q96SF7,TBX15
Q96SC8,DMRTA2
Q96RQ1,ERGIC2
Q96RN5,MED15
Q96RK0,CIC
Q96RI1,NR1H4
Q96QS3,ARX
Q96QD5,DEPDC7
Q96PQ7,KLHL5
Q96NK8,NEUROD6
Q96N20,ZNF75A
Q96LI6,HSFY1
Q96L91,EP400
Q96KS0,EGLN2
Q96KR1,ZFR
Q96KN3,PKNOX2
Q96K58,ZNF668
Q96JP5,ZFP91
Q96JK9,MAML3
Q96JB3,HIC2
Q96IS3,RAX2
Q96IQ9,ZNF414
Q96HZ4,HES6
Q96HW7,INTS4
Q96HC4,PDLIM5
Q96HA7,TONSL
Q96GC6,ZNF274
Q96G23,CERS2
Q96ES6,MFSD3
Q96CV9,OPTN
Q96BR6,ZNF669
Q96BA8,CREB3L1
Q96AE4,FUBP1
Q96A47,ISL2
Q969J2,ZKSCAN4
Q969G3,SMARCE1
Q969G2,LHX4
Q93074,MED12
Q92994,BRF1
Q92993,KAT5
Q92988,DLX4
Q92985,IRF7
Q92966,SNAPC3
Q92949,FOXJ1
Q92922,SMARCC1
Q92908,GATA6
Q92905,COPS5
Q92886,NEUROG1
Q92858,ATOH1
Q92833,JARID2
Q92830,KAT2A
Q92826,HOXB13
Q92804,TAF15
Q92800,EZH1
Q92794,KAT6A
Q92793,CREBBP
Q92786,PROX1
Q92785,DPF2
Q92784,DPF3
Q92782,DPF1
Q92769,HDAC2
Q92766,RREB1
Q92759,GTF2H4
Q92754,TFAP2C
Q92753,RORB
Q92750,TAF4B
Q92731,ESR2
Q92664,GTF3A
Q92618,ZNF516
Q92610,ZNF592
Q92576,PHF3
Q92570,NR4A3
Q92481,TFAP2B
Q8WYB5,KAT6B
Q8WWI1,LMO7
Q8WW38,ZFPM2
Q8WVM0,TFB1M
Q8WVD5,RNF141
Q8WUF5,PPP1R13L
Q8WUA4,GTF3C2
Q8WTX9,ZDHHC1
Q8WTR7,ZNF473
Q8TF39,ZNF483
Q8TE12,LMX1A
Q8TDI0,CHD5
Q8TD94,KLF14
Q8TD26,CHD6
Q8TBP6,SLC25A40
Q8TBJ5,FEZF2
Q8TB68,PRR7
Q8TAX0,OSR1
Q8TAU0,NKX2-3
Q8TAQ2,SMARCC2
Q8TAP4,LMO3
Q8TAK6,OLIG1
Q8TAF7,ZNF461
Q8NHY6,ZFP28
Q8NHV9,RHOXF1
Q8NFW5,DMBX1
Q8NFJ8,BHLHE22
Q8NFD5,ARID1B
Q8NEM7,SUPT20H
Q8NDW4,ZNF248
Q8NDV7,TNRC6A
Q8NBR0,TP53I13
Q8NBF1,GLIS1
Q8NB50,ZFP62
Q8NAP3,ZBTB38
Q8N9N5,BANP
Q8N9L1,ZIC4
Q8N7G0,POU5F2
Q8N6H7,ARFGAP2
Q8N693,ESX1
Q8N653,LZTR1
Q8N5U6,RNF10
Q8N5B7,CERS5
Q8N3F8,MICALL1
Q8N196,SIX5
Q8N108,MIER1
Q8N100,ATOH7
Q8N0Y2,ZNF444
Q8IYT8,ULK2
Q8IYM9,TRIM22
Q8IYA7,MKX
Q8IY57,YAF2
Q8IXL6,FAM20C
Q8IX15,HOMEZ
Q8IX07,ZFPM1
Q8IWI9,MGA
Q8IVW6,ARID3B
Q8IUQ4,SIAH1
Q8IUH5,ZDHHC17
Q8IUE1,TGIF2LX
Q8IUE0,TGIF2LY
Q8IU89,CERS3
Q86X95,CIR1
Q86X29,LSR
Q86WJ1,CHD1L
Q86VP6,CAND1
Q86VP3,PACS2
Q86VK4,ZNF410
Q86V15,CASZ1
Q86UW9,DTX2
Q86UP3,ZFHX4
Q86U70,LDB1
Q86U44,METTL3
Q86T29,ZNF605
Q86T24,ZBTB33
Q86SH2,ZAR1
Q7Z7L9,ZSCAN2
Q7Z6R9,TFAP2D
Q7Z6L1,TECPR1
Q7Z417,NUFIP2
Q7Z401,DENND4A
Q7Z353,HDX
Q7Z2Z1,TICRR
Q7Z2K6,ERMP1
Q7RTU3,OLIG3
Q7RTT5,SSX7
Q7LC44,ARC
Q7LBC6,KDM3B
Q7KZF4,SND1
Q7KZ85,SUPT6H
Q6ZW49,PAXIP1
Q6ZSZ6,TSHZ1
Q6ZRS2,SRCAP
Q6ZNG2,DBX2
Q6ZN30,BNC2
Q6ZMG9,CERS6
Q6XYB7,LBX2
Q6VMQ6,ATF7IP
Q6PKG0,LARP1
Q6PF04,ZNF613
Q6P4R8,NFRKB
Q6P2C8,MED27
Q6P1X5,TAF2
Q6P1K8,GTF2H2
Q6P1K2,PMF1
Q6P0N0,MIS18BP1
Q6NX49,ZNF544
Q6NUT3,MFSD12
Q6NUN9,ZNF746
Q6NT76,HMBOX1
Q6NSW7,NANOGP8
Q6IQ32,ADNP2
Q6GQQ9,OTUD7B
Q6GMV2,SMYD5
Q6FIF0,ZFAND6
Q6EMB2,TTLL5
Q6DJT9,PLAG1
Q6B0I6,KDM4D
Q68G74,LHX8
Q66K89,E4F1
Q63HK5,TSHZ3
Q5XKR4,OTP
Q5VZL5,ZMYM4
Q5VZF2,MBNL2
Q5VWG9,TAF3
Q5VV52,ZNF691
Q5VUA4,ZNF318
Q5VTD9,GFI1B
Q5TD97,FHL5
Q5TA89,HES5
Q5T4S7,UBR4
Q5T230,UTF1
Q5T0B9,ZNF362
Q5SZQ8,CELF3
Q5SXM2,SNAPC4
Q5SQQ9,VAX1
Q5PRF9,SAMD4B
Q5MNZ6,WDR45B
Q5JPB2,ZNF831
Q5HYR2,DMRTC1
Q5H9I0,TFDP3
Q58F21,BRDT
Q53T94,TAF1B
Q4ZIN3,TMEM259
Q4KMP7,TBC1D10B
Q4FZB7,KMT5B
Q499Z4,ZNF672
Q3KNW1,SNAI3
Q3KNV8,PCGF3
Q3C1V8,BSX
Q3B8N5,PROX2
Q33E94,RFX4
Q2QGD7,ZXDC
Q2M218,ZNF630
Q2M1V0,ISX
Q2M1K9,ZNF423
Q16676,FOXD1
Q16670,ZSCAN26
Q16665,HIF1A
Q16656,NRF1
Q16650,TBR1
Q16649,NFIL3
Q16633,POU2AF1
Q16621,NFE2
Q16600,ZNF239
Q16594,TAF9
Q16587,ZNF74
Q16559,TAL2
Q16534,HLF
Q16533,SNAPC1
Q16527,CSRP2
Q16520,BATF
Q16514,TAF12
Q16385,SSX2
Q16384,SSX1
Q16254,E2F4
Q16236,NFE2L2
Q15973,ZNF124
Q15937,ZNF79
Q15928,ZNF141
Q15916,ZBTB6
Q15915,ZIC1
Q15911,ZFHX3
Q15910,EZH2
Q15906,VPS72
Q15853,USF2
Q15797,SMAD1
Q15796,SMAD2
Q15788,NCOA1
Q15784,NEUROD2
Q15776,ZKSCAN8
Q15744,CEBPE
Q15742,NAB2
Q15723,ELF2
Q15714,TSC22D1
Q15699,ALX1
Q15697,ZNF174
Q15672,TWIST1
Q15654,TRIP6
Q15653,NFKBIB
Q15650,TRIP4
Q15648,MED1
Q15645,TRIP13
Q15643,TRIP11
Q15642,TRIP10
Q15637,SF1
Q15596,NCOA2
Q15583,TGIF1
Q15573,TAF1A
Q15572,TAF1C
Q15562,TEAD2
Q15561,TEAD4
Q15545,TAF7
Q15544,TAF11
Q15543,TAF13
Q15542,TAF5
Q15475,SIX1
Q15466,NR0B2
Q15424,SAFB
Q15406,NR6A1
Q15329,E2F5
Q15326,ZMYND11
Q15319,POU4F3
Q15306,IRF4
Q15291,RBBP5
Q15170,TCEAL1
Q15072,ZNF146
Q15059,BRD3
Q15053,KIAA0040
Q15048,LRRC14
Q15047,SETDB1
Q15020,SART3
Q15014,MORF4L2
Q14995,NR1D2
Q14994,NR1I3
Q14938,NFIX
Q14934,NFATC4
Q14929,ZNF169
Q14919,DRAP1
Q14872,MTF1
Q14865,ARID5B
Q14839,CHD4
Q14814,MEF2D
Q14781,CBX2
Q14774,HLX
Q14765,STAT4
Q14686,NCOA6
Q14679,TTLL4
Q14653,IRF3
Q14593,ZNF273
Q14592,ZNF460
Q14590,ZNF235
Q14588,ZNF234
Q14587,ZNF268
Q14586,ZNF267
Q14584,ZNF266
Q14582,MXD4
Q14549,GBX1
Q14541,HNF4G
Q14527,HLTF
Q14526,HIC1
Q14494,NFE2L1
Q14469,HES1
Q14258,TRIM25
Q14209,E2F2
Q14202,ZMYM3
Q14192,FHL2
Q14190,SIM2
Q14188,TFDP2
Q14186,TFDP1
Q14145,KEAP1
Q14140,SERTAD2
Q14119,VEZF1
Q13952,NFYC
Q13950,RUNX2
Q13948,CUX1
Q13889,GTF2H3
Q13888,GTF2H2
Q13887,KLF5
Q13886,KLF9
Q13772,NCOA4
Q13761,RUNX3
Q13642,FHL1
Q13573,SNW1
Q13568,IRF5
Q13562,NEUROD1
Q13547,HDAC1
Q13516,OLIG2
Q13506,NAB1
Q13503,MED21
Q13495,MAMLD1
Q13487,SNAPC2
Q13485,SMAD4
Q13469,NFATC2
Q13461,FOXE3
Q13422,IKZF1
Q13398,ZNF211
Q13360,ZNF177
Q13351,KLF1
Q13330,MTA1
Q13287,NMI
Q13285,NR5A1
Q13263,TRIM28
Q13207,TBX2
Q13185,CBX3
Q13133,NR1H3
Q13129,RLF
Q13127,REST
Q13118,KLF10
Q13106,ZNF154
Q13105,ZBTB17
Q13029,PRDM2
Q12986,NFX1
Q12968,NFATC3
Q12962,TAF10
Q12952,FOXL1
Q12951,FOXI1
Q12950,FOXD4
Q12948,FOXC1
Q12947,FOXF2
Q12946,FOXF1
Q12906,ILF3
Q12905,ILF2
Q12901,ZNF155
Q12899,TRIM26
Q12873,CHD3
Q12870,TCF15
Q12857,NFIA
Q12837,POU4F2
Q12830,BPTF
Q12824,SMARCB1
Q12800,TFCP2
Q12789,GTF3C1
Q12778,FOXO1
Q12772,SREBF2
Q12766,HMGXB3
Q10587,TEF
Q10586,DBP
Q0VG99,MESP2
Q09FC8,ZNF415
Q09472,EP300
Q09328,MGAT5
Q08999,RBL2
Q08945,SSRP1
Q08050,FOXM1
Q07869,PPARA
Q07687,DLX2
Q06945,SOX4
Q06889,EGR3
Q06732,ZNF33B
Q06730,ZNF33A
Q06710,PAX8
Q06587,RING1
Q06547,GABPB1
Q06546,GABPA
Q06455,RUNX1T1
Q06416,POU5F1B
Q06413,MEF2C
Q06330,RBPJ
Q05925,EN1
Q05516,ZBTB16
Q05481,ZNF91
Q05215,EGR4
Q05195,MXD1
Q05066,SRY
Q04864,REL
Q04743,EMX2
Q04741,EMX1
Q04206,RELA
Q03989,ARID5A
Q03938,ZNF90
Q03936,ZNF92
Q03933,HSF2
Q03924,ZNF117
Q03923,ZNF85
Q03828,EVX2
Q03701,CEBPZ
Q03468,ERCC6
Q03181,PPARD
Q03164,KMT2A
Q03112,MECOM
Q03111,MLLT1
Q03060,CREM
Q03052,POU3F1
Q03014,HHEX
Q02962,PAX2
Q02930,CREB5
Q02833,RASSF7
Q02577,NHLH2
Q02556,IRF8
Q02548,PAX5
Q02535,ID3
Q02447,SP3
Q02446,SP4
Q02386,ZNF45
Q02363,ID2
Q02086,SP2
Q02078,MEF2A
Q02040,AKAP17A
Q01954,BNC1
Q01892,SPIB
Q01860,POU5F1
Q01851,POU4F1
Q01850,CDR2
Q01826,SATB1
Q01664,TFAP4
Q01658,DR1
Q01543,FLI1
Q01538,MYT1
Q01201,RELB
Q01196,RUNX1
Q01167,FOXK2
Q01101,INSM1
Q01094,E2F1
Q00978,IRF9
Q00653,NFKB2
Q00613,HSF1
Q00577,PURA
Q00444,HOXC5
Q00403,GTF2B
Q00059,TFAM
Q00056,HOXA4
P98182,ZNF200
P98177,FOXO4
P98169,ZXDB
P98168,ZXDA
P84022,SMAD3
P83916,CBX1
P82094,TMF1
P81408,FAM189B
P81133,SIM1
P78545,ELF3
P78537,BLOC1S1
P78426,NKX6-1
P78424,POU6F2
P78415,IRX3
P78414,IRX1
P78413,IRX4
P78412,IRX6
P78411,IRX5
P78367,NKX3-2
P78364,PHC1
P78347,GTF2I
P78337,PITX1
P78317,RNF4
P67809,YBX1
P63272,SUPT4H1
P62633,CNBP
P62508,ESRRG
P62380,TBPL1
P62195,PSMC5
P61968,LMO4
P61601,NCALD
P61371,ISL1
P61296,HAND2
P61244,MAX
P61201,COPS2
P58304,VSX2
P58012,FOXL2
P57682,KLF3
P57086,SCAND1
P57082,TBX4
P57073,SOX8
P57071,PRDM15
P56915,GSC
P56693,SOX10
P56645,PER3
P56524,HDAC4
P56270,MAZ
P56179,DLX6
P56178,DLX5
P56177,DLX1
P55771,Pax9
P55771,PAX9
P55347,PKNOX1
P55318,FOXA3
P55317,FOXA1
P55316,FOXG1
P55201,BRPF1
P55198,MLLT6
P55197,MLLT10
P55196,AFDN
P55055,NR1H2
P54845,NRL
P54821,PRRX1
P54259,ATN1
P54198,HIRA
P53999,SUB1
P53801,PTTG1IP
P53567,CEBPG
P53539,FOSB
P52954,LBX1
P52952,NKX2-5
P52951,GBX2
P52945,PDX1
P52943,CRIP2
P52926,HMGA2
P52747,ZNF143
P52746,ZNF142
P52744,ZNF138
P52742,ZNF135
P52741,ZNF134
P52740,ZNF132
P52739,ZNF131
P52738,ZNF140
P52737,ZNF136
P52736,ZNF133
P52657,GTF2A2
P52655,GTF2A1
P52630,STAT2
P51948,MNAT1
P51843,NR0B1
P51826,AFF3
P51825,AFF1
P51816,AFF2
P51814,ZNF41
P51786,ZNF157
P51692,STAT5B
P51608,MECP2
P51532,SMARCA4
P51531,SMARCA2
P51523,ZNF84
P51522,ZNF83
P51508,ZNF81
P51504,ZNF80
P51449,RORC
P50991,CCT4
P50876,RNF144A
P50613,CDK7
P50607,TUB
P50553,ASCL1
P50549,ETV1
P50548,ERF
P50539,MXI1
P50461,CSRP3
P50458,LHX2
P50238,CRIP1
P50222,MEOX2
P50221,MEOX1
P50219,MNX1
P49910,ZNF165
P49848,TAF6
P49716,CEBPD
P49715,CEBPA
P49711,CTCF
P49640,EVX1
P49336,CDK8
P49116,NR2C2
P48742,LHX1
P48552,NRIP1
P48443,RXRG
P48436,SOX9
P48431,SOX2
P48382,RFX5
P48380,RFX3
P48378,RFX2
P47974,ZFP36L2
P47928,ID4
P47902,CDX1
P46100,ATRX
P45973,CBX5
P43699,NKX2-1
P43694,GATA4
P43354,NR4A2
P43268,ETV4
P42568,MLLT3
P42229,STAT5A
P42226,STAT6
P42224,STAT1
P41970,ELK3
P41235,HNF4A
P41229,KDM5C
P41225,SOX3
P41218,MNDA
P41212,ETV6
P41182,BCL6
P41162,ETV3
P41161,ETV5
P41134,ID1
P40763,STAT3
P40426,PBX3
P40425,PBX2
P40424,PBX1
P39880,CUX1
P39687,ANP32A
P38935,IGHMBP2
P37275,ZEB1
P37231,PPARG
P36956,SREBF1
P36508,ZNF76
P36402,TCF7
P35869,AHR
P35789,ZNF93
P35716,SOX11
P35713,SOX18
P35712,SOX6
P35711,SOX5
P35680,HNF1B
P35638,DDIT3
P35548,MSX2
P35453,HOXD13
P35452,HOXD12
P35398,RORA
P35269,GTF2F1
P35243,RCVRN
P35227,PCGF2
P35226,BMI1
P35222,CTNNB1
P33076,CIITA
P32780,GTF2H1
P32519,ELF1
P32314,FOXN2
P32243,OTX2
P32242,OTX1
P31629,HIVEP2
P31314,TLX1
P31277,HOXD11
P31276,HOXC13
P31275,HOXC12
P31274,HOXC9
P31273,HOXC8
P31271,HOXA13
P31270,HOXA11
P31269,HOXA9
P31268,HOXA7
P31267,HOXA6
P31260,HOXA10
P31249,HOXD3
P31146,CORO1A
P29590,PML
P29084,GTF2E2
P29083,GTF2E1
P28749,RBL1
P28702,RXRB
P28698,MZF1
P28370,SMARCA1
P28360,MSX1
P28358,HOXD10
P28356,HOXD9
P28347,TEAD1
P28324,ELK4
P28069,POU1F1
P27540,ARNT
P27037,ACVR2A
P26651,ZFP36
P26583,HMGB2
P26367,PAX6
P25963,NFKBIA
P25800,LMO1
P25791,LMO2
P25490,YY1
P25440,BRD2
P25208,NFYB
P24468,NR2F2
P24278,ZBTB25
P23771,GATA3
P23769,GATA2
P23760,PAX3
P23759,PAX7
P23511,NFYA
P23409,MYF6
P22736,NR4A1
P22670,RFX1
P22415,USF1
P21675,TAF1
P21506,ZNF10
P21291,CSRP1
P20823,HNF1A
P20749,BCL3
P20719,HOXA5
P20393,NR1D1
P20290,BTF3
P20265,POU3F2
P20264,POU3F3
P20226,TBP
P19838,NFKB1
P19793,RXRA
P19622,EN2
P19544,WT1
P19532,TFE3
P19484,TFEB
P19447,ERCC3
P19419,ELK1
P18850,ATF6
P18848,ATF4
P18847,ATF3
P18846,ATF1
P18146,EGR1
P18074,ERCC2
P17947,SPI1
P17861,XBP1
P17676,CEBPB
P17544,ATF7
P17542,TAL1
P17535,JUND
P17509,HOXB6
P17483,HOXB4
P17482,HOXB9
P17481,HOXB8
P17480,UBTF
P17275,JUNB
P17098,ZNF8
P17097,ZNF7
P17096,HMGA1
P17041,ZNF32
P17040,ZSCAN20
P17039,ZNF30
P17038,ZNF43
P17036,ZNF3
P17035,ZNF28
P17032,ZNF37A
P17031,ZNF26
P17030,ZNF25
P17029,ZKSCAN1
P17028,ZNF24
P17027,ZNF23
P17026,ZNF22
P17025,ZNF182
P17024,ZNF20
P17023,ZNF19
P17022,ZNF18
P17021,ZNF17
P17020,ZNF16
P17019,ZNF708
P17017,ZNF14
P17014,ZNF12
P17010,ZFX
P16989,YBX3
P16415,ZNF823
P16220,CREB1
P15976,GATA1
P15923,TCF3
P15884,TCF4
P15863,PAX1
P15822,HIVEP1
P15622,ZNF250
P15621,ZNF44
P15408,FOSL2
P15407,FOSL1
P15336,ATF2
P15173,MYOG
P15172,MYOD1
P15036,ETS2
P14921,ETS1
P14859,POU2F1
P14653,HOXB1
P14652,HOXB2
P14651,HOXB3
P14373,TRIM27
P14316,IRF2
P13984,GTF2F2
P13682,ZNF35
P13631,RARG
P13378,HOXD8
P13349,MYF5
P13056,NR2C1
P12980,LYL1
P12524,MYCL
P11831,SRF
P11474,ESRRA
P11473,VDR
P11308,ERG
P11161,EGR2
P10914,IRF1
P10828,THRB
P10827,THRA
P10826,RARB
P10589,NR2F1
P10588,NR2F6
P10276,RARA
P10275,AR
P10244,MYBL2
P10243,MYBL1
P10242,MYB
P10074,ZBTB48
P10073,ZSCAN22
P10072,ZNF875
P10071,GLI3
P10070,GLI2
P0DPQ6,DDIT3
P0DP91,ERCC6
P0C7M4,RHOXF2B
P09630,HOXC6
P09629,HOXB7
P09429,HMGB1
P09086,POU2F2
P09067,HOXB5
P09017,HOXC4
P09016,HOXD4
P08651,NFIC
P08235,NR3C2
P08151,GLI1
P08048,ZFY
P08047,SP1
P06733,ENO1
P06401,PGR
P06400,RB1
P05549,TFAP2A
P05412,JUN
P05204,HMGN2
P04637,TP53
P04198,MYCN
P04150,NR3C1
P03372,ESR1
P01106,MYC
P01100,FOS
O96028,NSD2
O96004,HAND1
O95948,ONECUT2
O95947,TBX6
O95936,EOMES
O95935,TBX18
O95931,CBX7
O95905,ECD
O95863,SNAI1
O95789,ZMYM6
O95780,ZNF682
O95751,LDOC1
O95718,ESRRB
O95696,BRD1
O95677,EYA4
O95644,NFATC1
O95628,CNOT4
O95625,ZBTB11
O95619,YEATS4
O95600,KLF8
O95567,C22orf31
O95503,CBX6
O95475,SIX6
O95416,SOX14
O95409,ZIC2
O95402,MED26
O95376,ARIH2
O95365,ZBTB7A
O95343,SIX3
O95251,KAT7
O95243,MBD4
O95238,SPDEF
O95231,VENTX
O95218,ZRANB2
O95201,ZNF205
O95159,ZFPL1
O95125,ZNF202
O95096,NKX2-2
O95076,ALX3
O94993,SOX30
O94992,HEXIM1
O94916,NFAT5
O94900,TOX
O94892,ZNF432
O94822,LTN1
O94776,MTA2
O76080,ZFAND5
O76071,CIAO1
O76064,RNF8
O75971,SNAPC5
O75928,PIAS2
O75884,RBBP9
O75840,KLF7
O75820,ZNF189
O75629,CREG1
O75626,PRDM1
O75603,GCM2
O75593,FOXH1
O75586,MED6
O75530,EED
O75529,TAF5L
O75528,TADA3
O75486,SUPT3H
O75478,TADA2A
O75475,PSIP1
O75469,NR1I2
O75469,NR1i2
O75467,ZNF324
O75461,E2F6
O75448,MED24
O75446,SAP30
O75444,MAF
O75437,ZNF254
O75398,DEAF1
O75386,TULP3
O75382,TRIM3
O75376,NCOR1
O75364,PITX3
O75362,ZNF217
O75360,PROP1
O75333,TBX10
O75312,ZPR1
O75182,SIN3B
O75175,CNOT3
O75157,TSC22D2
O75081,CBFA2T3
O75031,HSF2BP
O75030,MITF
O60902,SHOX2
O60885,BRD4
O60858,TRIM13
O60806,TBX19
O60765,ZNF354A
O60682,MSC
O60675,MAFK
O60673,REV3L
O60663,LMX1B
O60548,FOXD2
O60519,CREBL2
O60481,ZIC3
O60479,DLX3
O60422,ONECUT3
O60393,NOBOX
O60315,ZEB2
O60284,ST18
O60264,SMARCA5
O60248,SOX15
O60244,MED14
O60225,SSX5
O60224,SSX4
O43918,AIRE
O43900,PRICKLE3
O43889,CREB3
O43829,ZBTB14
O43763,TLX2
O43711,TLX3
O43680,TCF21
O43679,LDB2
O43670,ZNF207
O43660,PLRG1
O43638,FOXS1
O43623,SNAI2
O43593,HR
O43567,RNF13
O43541,SMAD6
O43524,FOXO3
O43513,MED7
O43474,KLF4
O43435,TBX1
O43365,HOXA3
O43364,HOXA2
O43345,ZNF208
O43316,PAX4
O43309,ZSCAN12
O43298,ZBTB43
O43296,ZNF264
O43294,TGFB1I1
O43255,SIAH2
O43248,HOXC11
O43186,CRX
O43167,ZBTB24
O15553,MEFV
O15541,RNF113A
O15535,ZSCAN9
O15534,PER1
O15525,MAFG
O15522,NKX2-8
O15516,CLOCK
O15499,GSC2
O15409,FOXP2
O15405,TOX3
O15370,SOX12
O15353,FOXN1
O15350,TP73
O15344,MID1
O15266,SHOX
O15231,ZNF185
O15226,NKRF
O15209,ZBTB22
O15198,SMAD9
O15178,TBXT
O15164,TRIM24
O15156,ZBTB7B
O15119,TBX3
O15105,SMAD7
O15060,ZBTB39
O15055,PER2
O15015,ZNF646
O14981,BTAF1
O14978,ZNF263
O14948,TFEC
O14936,CASK
O14901,KLF11
O14896,IRF6
O14867,BACH1
O14813,PHOX2A
O14776,TCERG1
O14771,ZNF213
O14770,MEIS2
O14753,OVOL1
O14709,ZNF197
O14686,KMT2D
O14647,CHD2
O14646,CHD1
O14628,ZNF195
O14627,CDX4
O14593,RFXANK
O14529,CUX2
O14503,BHLHE40
O00716,E2F3
O00712,NFIB
O00635,TRIM38
O00570,SOX1
O00488,ZNF593
O00482,NR5A2
O00470,MEIS1
O00422,SAP18
O00409,FOXN3
O00358,FOXE1
O00327,ARNTL
O00321,ETV2
O00295,TULP2
O00294,TULP1
O00268,TAF4
O00267,SUPT5H
O00257,CBX4
O00237,RNF103
O00221,NFKBIE
O00178,GTPBP1
O00167,EYA2
O00110,OVOL3
L0R8F8,MIEF1
A8MZ59,LEUTX
A8MTQ0,NOTO
A6NNA5,DRGX
A6NMT0,DBX1
A6NM28,ZFP92
A6NLW8,DUXA
A6NJT0,UNCX
A6NJG6,ARGFX
A6NJ46,NKX6-3
A6NHT5,HMX3
A6NFQ7,DPRX
A6NCS4,NKX2-6
A2RU54,HMX2
A0A1W2PPF3,DUXB
,MYT1
,ZNF430
,ZNF85
,PROP1
,ZNF43
,TCF20
,PHRF1
,GTF2H2
,DEAF1
,CNOT3
,IRF7
,TRIM27
,RASSF7
,FAM20C
,FAM189B
,TAF9
,SMARCB1
,RXRB
,MED16
,SALL3
,TCF19
,CDK7
,KLF13
,BRD2
,TRIM15
,TRIM26
,DTX2
,ZNF251
,TBX22
,TAF4
,RRN3
,GTF2H4
,NFKBIL1
,ZFY
,PCGF2
,MLLT6
,TADA2A
,ATF6B
,AATF
,TBL1Y
,HNF1B
,LHX1
,POU5F1
,TAF15
,ZBTB22
,ZKSCAN7
,ZNF197
,ZNF35
,HMGB1
,KAT6B
,MANSC1
,GTF3A
,BTBD3
,ELF1
,TSC22D1
,NCOA6
,MED15
,EYA2
,LTN1
,RNF114
,CBX7
,AKAP17A
,NFKBIB
,DUX4
,TRIOBP
,BACH1
,ETS2
,TSHZ2
,NRIP1
,SCML2
,ZFP64
,SALL4
,ZBTB21
,MED14
,RUNX1
,TFAP2C
,TRIM13
,SIM2
,NOBOX
,PSIP1
,SMAD9
,KLF8
,RBL1
,EGR3
,IRX4
,SIX1
,GATA4
,PRDM15
,HMBOX1
,PKNOX1
,RBPJL
,SIX4
,HDX
,HSF1
,SMARCA2
,RB1
,MNAT1
,CITED1
,SETD4
,MKX
,EP300
,FOS
,HIVEP1
,ZFR
,NRL
,MSRB2
,POU3F4
,ISL1
,HMX1
,PAX5
,ZNF33B
,IRF9
,ZNF215
,ZNF287
,ZFAND5
,CSRP3
,RTRAF
,TGIF2
,ARID3A
,SMAD2
,ZFAND3
,VGLL1
,CBX6
,YY1
,ZNF143
,COPS2
,MIEF1
,ZFHX4
,SMAD6
,ZNF24
,TFAM
,NFIC
,SUB1
,ZNF318
,GTF2H1
,HHEX
,WT1
,SUPT3H
,MBNL2
,TMEM260
,HSF2BP
,SAFB
,HMGA1
,L3MBTL1
,RNF8
,RUNX2
,ZMYM3
,SUPT20H
,NFATC4
,PTTG1IP
,ZBTB14
,HNF4G
,TNRC6A
,PHF11
,TEF
,ZNF516
,HEY1
,YBX2
,TFDP1
,PRDM14
,LDB2
,SCML1
,ZNF275
,TMEM259
,PML
,PRDM1
,ZNF33A
,OLIG2
,OLIG1
,LHX3
,LMO7
,NR6A1
,PPARGC1A
,RUNX1T1
,ZNF823
,RFX1
,CHD6
,ETV6
,SSX3
,ZNF706
,HIRA
,BRD3
,ANP32A
,KLF4
,ERG
,MED27
,SAP18
,TFAP2B
,ZNF141
,YBX3
,RXRA
,PBX3
,TCFL5
,NFKBIE
,IKZF3
,PIAS2
,PRDM16
,TGIF1
,REV3L
,E2F5
,HOMEZ
,TAF4B
,CDK8
,ENO1
,CLOCK
,AR
,CHD5
,RARA
,MORF4L2
,RFXANK
,PRICKLE3
,ETV4
,RERE
,ZNF630
,SREBF2
,EYA1
,SNAI2
,ATRX
,BORCS8-MEF2B
,ZBTB40
,ZNF682
,TCF7
,ZNF79
,MED1
,PBX4
,NANOG
,TCF4
,ZNF93
,SNW1
,UBP1
,HSF2
,TBX18
,ZNF217
,ZNF90
,SMAD5
,ZNF91
,HDAC2
,NCALD
,ZNF74
,BCLAF1
,MED17
,EYA3
,ZNF593
,ZNF708
,PRDM8
,ZNF532
,TSHZ3
,TSHZ1
,ZNF219
,SUPT16H
,ZMYM6
,EGR4
,GSX2
,MYC
,CASZ1
,MED23
,EPAS1
,ZFPM2
,ZHX3
,SMARCC1
,SMARCE1
,THRAP3
,MLLT3
,BCL11A
,HOXB8
,ARX
,AFF4
,NFATC1
,NCOA2
,PRDM6
,EMX2
,ZMYM4
,ZNF236
,MED21
,DMRT1
,CERS5
,TCF7L1
,HEY2
,ZFX
,TBX2
,ZNF81
,ZNF155
,ZNF696
,MYCBP
,ZNF230
,ZNF45
,ZNF222
,EGLN2
,E4F1
,ZHX2
,FHL1
,ETV1
,MEIS1
,ARID1B
,MZF1
,RORA
,OTX1
,BCL3
,TMF1
,ZNF432
,MICALL1
,CBX1
,FOXJ3
,NFE2L1
,EMX1
,HLF
,MORF4L1
,ZFP28
,AHR
,TWIST1
,MSX2
,ZNF235
,SP4
,RARG
,ZNF274
,TBX4
,ETS1
,CREBBP
,CBX8
,CREB5
,NR2F2
,NR3C1
,ZNF264
,CBX4
,HESX1
,NPAS2
,FOXK2
,CAND1
,FHL2
,TAF1
,SMAD7
,PRDM12
,PKNOX2
,ZNF592
,FOXP1
,ADNP2
,SMAD4
,NR1D2
,NKX2-5
,ELK3
,TULP4
,ZNF460
,DENND4A
,ATF4
,RNF14
,SIAH1
,FOSB
,ZNF229
,SOX30
,ULK2
,POU2F3
,GTF2A1
,CITED2
,NANOGP8
,BATF
,TTLL5
,TBR1
,TBPL1
,SETBP1
,KDM4C
,ZKSCAN1
,PHF3
,Pax9
,PAX9
,PRDM13
,XBP1
,PPARA
,DLX1
,TOX3
,ZNF195
,SMYD5
,IRX3
,TRPS1
,TCF12
,ZNF334
,MAF
,ZFP36
,ZIC1
,SUPT5H
,DMRTC1
,PRR7
,MAMLD1
,HMGXB3
,CFAP20
,BRD1
,GTF2A1L
,NR1H4
,KAT7
,PHTF1
,COPS5
,DLX3
,TRIP10
,ZNF41
,ESRRB
,FOXN3
,TECPR1
,FOXA3
,MBD2
,TRIP11
,FOXP3
,PDLIM5
,METTL3
,SALL2
,ZNF552
,ZNF256
,PLRG1
,KDM5C
,RAX
,MED12
,SIAH2
,MED6
,ZNF473
,GTPBP1
,THRA
,FOXL1
,SOX10
,MAFF
,CSRP2
,TEAD2
,MEF2C
,MID1
,MED26
,ALX3
,ELF5
,NHLH2
,HCFC2
,ZSCAN10
,KLF2
,TRIM33
,ZNF213
,ZNF263
,ZNF174
,HES7
,LAS1L
,PER1
,GTF3C5
,ESR2
,MBD1
,TRIP4
,TBXT
,KLF7
,TFAP4
,TULP2
,ZNF277
,ELF4
,KAT6A
,SND1
,PHOX2A
,GTF2B
,TFEC
,TBX1
,LZTR1
,MECOM
,RNF141
,ZNF18
,ZNF581
,GTF3C4
,MAX
,ZNF668
,ZNF646
,ERCC3
,MAPK8IP1
,MLXIP
,GTF2E1
,ILF2
,CREB3L1
,DLX6
,PURA
,ZNF177
,FOSL1
,GFI1B
,DRAP1
,POU2F1
,TBX15
,RXRG
,HR
,ZNF212
,SHOX
,PAX1
,ZNF133
,ZNF28
,ZFP62
,LDB1
,ZNF134
,ZNF211
,ZNF10
,HMGB2
,HAND2
,LHX4
,MESP2
,HNF4A
,ADNP
,TBX19
,ZNF175
,EBF4
,NR5A2
,MYRF
,JUND
,TBC1D10B
,DPF3
,MLLT10
,CUX2
,ELK4
,PROX2
,RNF112
,REST
,HIF1A
,TSC22D3
,SAP30BP
,NKRF
,RNF2
,ZNF221
,ZFAND6
,MXI1
,SMARCA1
,CHD1
,NKX2-1
,TFEB
,OTX2
,SSRP1
,BCL6
,PRRX1
,PACS2
,ZNF30
,ZNF304
,ZNF254
,PAXIP1
,MTA1
,LYL1
,CERS4
,CRIP2
,MNT
,ZNF250
,SOX13
,SOX5
,ZNF16
,ATG4B
,NRF1
,LHX9
,YEATS4
,IGHMBP2
,ZNF414
,ETV5
,ZNF169
,VEZF1
,DBP
,ZNF483
,PHC1
,ARID5B
,GLI1
,HLTF
,ZNF189
,ZNF185
,E2F6
,PAX2
,NAB1
,TFAP2A
,ZNF106
,ERCC6
,STAT4
,EHF
,ZNF248
,GABPB1
,IRF3
,ZNF3
,NCOA4
,ZBTB20
,DMRT2
,MYBL1
,SMAD3
,EED
,NFATC3
,CEBPZ
,BRPF3
,ERF
,ATF3
,CNOT8
,HES2
,CERS3
,PROX1
,SUPT6H
,THRB
,LBX2
,TLX2
,ZNF268
,ZNF92
,CNBP
,TGFB1I1
,RFX3
,ZNF672
,KLF16
,ZEB1
,TAF6L
,ZNF444
,LRRC14
,KIAA0040
,HIC1
,HES6
,PER2
,SNAPC2
,CASK
,ARID3B
,POU6F2
,TUB
,ZNF358
,KDM3B
,GATA1
,NFIB
,IRF1
,ZNF76
,ESRRA
,BRF1
,TEAD3
,ZFHX2
,ADPGK
,TULP1
,BNC1
,ONECUT1
,NSD2
,SPI1
,LHX2
,TAF2
,DMTF1
,MYBBP1A
,ZNF200
,NR0B1
,ZNF75A
,ZKSCAN5
,ZNF205
,ZNF7
,BRD7
,ATXN2
,ZHX1
,MECP2
,ERMP1
,ZNF639
,ARNTL
,SNAPC4
,PRDM5
,KEAP1
,ZSCAN26
,LEF1
,GLI2
,STAT3
,ZNF331
,ZNF207
,TLX1
,SNAPC3
,KAT5
,STAT6
,OVOL1
,ZNF17
,TCERG1
,ZNF37A
,MLX
,LHX6
,E2F4
,VDR
,ZNF112
,NFE2L3
,CBX3
,ZNF131
,TFDP2
,ZDHHC1
,ZBTB43
,GTF2H3
,IFT172
,SMAD1
,SNAPC5
,ZIC4
,TEAD1
,POU5F1B
,BRD4
,UBTF
,NKX6-1
,EYA4
,RNF13
,BAZ1A
,ALYREF
,SART3
,NR5A1
,ZNF202
,TRIP13
,MAFG
,STON1
,ZNF410
,RFX4
,ZNF423
,EZH1
,ZNF692
,TRIP6
,ARNT2
,PRDM10
,TAF3
,BTF3
,GATA3
,SF1
,MGA
,EGR2
,TAF5
,FOXA1
,GLI3
,GTF3C3
,MEF2A
,RFX2
,TAF7
,GTF2F1
,NR2E3
,GTF2E2
,MIS18BP1
,NR4A1
,ECD
,ISL2
,ZXDC
,ZSCAN12
,ZBTB25
,ZNF395
,MXD3
,NR1I3
,LARP1
,TRMT1
,CUX1
,ST18
,STAT5A
,HOXB3
,PFDN5
,ZFP69B
,BMI1
,NFKBIA
,SP1
,TAF1C
,PRDM9
,CREM
,CBX5
,NFE2
,TICRR
,BCL11B
,BNC2
,TRIM25
,WDR45B
,RCOR1
,ZBTB48
,ASH2L
,ZNF559
,TBP
,NR2F6
,TAF1B
,GRHL1
,KLF11
,TAF1A
,EBF1
,RREB1
,ZNF443
,MED7
,ZNF691
,RBL2
,CHD4
,ARIH2
,CIR1
,MFSD12
,YAF2
,HMG20B
,TCF7L2
,GTF2A2
,LITAF
,ZNF319
,AFF1
,PRDM7
,ZNF138
,ZNF20
,SLC25A40
,PPP1R13L
,KLHL5
,ERCC2
,ZNF649
,ZNF613
,NFYB
,HMGA2
,CIC
,MEIS2
,SIN3B
,ZNF19
,OPTN
,TTLL4
,CREBZF
,ZNF180
,ZBTB16
,ZNF142
,MNX1
,ZNF415
,EZH2
,CHD2
,TP63
,ZNF266
,ZNF12
,ZPR1
,HOXA1
,RBPJ
,HOXA4
,HOXA7
,HOXA9
,HOXA11
,EVX1
,ZSCAN2
,BAZ2A
,MYB
,SMARCA4
,MAML3
,FUBP1
,ESR1
,PLAGL1
,HOXA3
,ZFP30
,REPIN1
,ZNF273
,TP53I13
,PITX2
,ZNF160
,ZNF223
,ZNF224
,ZNF225
,ZNF234
,ZNF226
,HSF4
,ZSCAN9
,MLXIPL
,TAF11
,ELF2
,PITX1
,ZMYND11
,ZBTB47
,ZNF544
,ZNF107
,NR1H2
,SPIB
,ZNF135
,SREBF1
,ZSCAN21
,ZNF286A
,PAX4
,ZNF267
,IRF2
,ZNF23
,NR2F1
,ZNF354A
,YBX1
,RNF144A
,MXD4
,NMI
,CDR2
,NFIX
,ASH1L
,ZBTB32
,SMARCAD1
,SRCAP
,ARID5A
,BACH2
,HDAC1
,ZIM2
,IRX5
,SMARCC2
,HLX
,ZNF136
,RNF41
,MAZ
,FOXP2
,ATF5
,BPTF
,USF1
,RNF4
,IRF4
,ZNF208
,USE1
,NFRKB
,SALL1
,ARNT
,ZNF701
,KAT2A
,NFKB1
,BRPF1
,SIX5
,ZNF140
,ZDHHC17
,ZNF324
,SOX6
,PPARG
,NR2C1
,DCP1A
,RNF10
,ZNF669
,TAF6
,SP2
,ZNF461
,GTF2I
,ZBTB24
,KMT2A
,HNF1A
,PAX8
,NCOR1
,POU1F1
,DPF1
,MED24
,ZNF746
,NR2E1
,PCGF3
,TADA3
,TRIM28
,DDIT3
,POU2F2
,AFDN
,CIITA
,TSC22D4
,PGR
,ZNF875
,CTCF
,HES4
,ZNF83
,PRDM4
,ZBTB38
,MXD1
,MEIS3
,TRIM3
,ATF7
,SAMD4B
,IKZF1
,ZFPM1
,OVOL3
,ATF6
,MBD4
,HOXD12
,TFCP2
,HOXD8
,HOXD3
,AFF3
,CORO1A
,CBFA2T3
,MITF
,GTF3C1
,IRF8
,MEFV
,ATF7IP
,ETV2
,ZNF232
,KMT2D
,IRF5
,BRDT
,SP3
,ZNF44
,POU2AF1
,SHOX2
,IKZF2
,LMO3
,HIF3A
,UHRF1
,TCF3
,NCOA1
,TAF10
,USF2
,HDAC4
,POU6F1
,NFAT5
,BLOC1S1
,BANP
,LSR
,PSMC5
,CRX
,TPRX1
,TP53
,LMO1
,TSC22D2
,ZNF26
,ZNF84
,FOXN1
,STAT5B
,ILF3
,RARB
,ZBTB11
,SUPT4H1
,ATF2
,LIMA1
,PAX6
,JMJD4
,CELF3
,BAZ2B
,ATF1
,NPAS1
,RELB
,MNDA
,ERGIC2
,FOXN2
,ZBTB17
,CERS2
,ZFPL1
,NR2C2
,STAT2
,NCOR2
,MYT1L
,ZNF124
,HOXC11
,HOXC10
,HOXC6
,INTS4
,FOXM1
,TULP3
,FLI1
,TEAD4
,GATA2
,DPF2
,PREB
,ZNF362
,RELA
,ZEB2
,PRDM11
,ELF3
,CTNNB1
,EP400
,TRIM22
,NR1H3
,CHD3
,ARFGAP2
,OTUD7B
,KMT5B
,GLIS1
,VAX2
,CHD1L
,ZNF2
,SATB1
,ZNF148
,GTF3C2
,CREB1
,MEF2D
,CSRP1
,PIAS3
,TAF12
,TAF13
,FOSL2
,SMARCAL1
,BLZF1
,KCNIP3
,KLHL21
,UBR4
,SETDB1
,STAT1
,PRDM2
,TAL1
,REL
,GBX2
,NFE2L2
,PMF1
,NFYC
,SATB2
,NR4A2
,MYCN
,IRF6
,SPEN
,MYCL
,LHX8
,GFI1
,TP73
,RORC
,ESRRG
,ZBTB18
,PER3
,PBX1
,TAF5L
,NFIA
,CREG1
,RFX5